{
  "Component.js": 1721208576201,
  "i18n/i18n.properties": 1721208598520,
  "controller/View1.controller.js": 1722231787562,
  "controller/Basecontroller.js": 1721212026654,
  "controller/App.controller.js": 1721208576213,
  "manifest.json": 1722244300680,
  "model/models.js": 1721208576209,
  "controller/Basecontroller-dbg.js": 1721212026654,
  "controller/Basecontroller.js.map": 1722244300831,
  "controller/View1-dbg.controller.js": 1722231787562,
  "controller/View1.controller.js.map": 1722244300838,
  "Component-dbg.js": 1721208576201,
  "Component.js.map": 1722244300828,
  "controller/App-dbg.controller.js": 1721208576213,
  "controller/App.controller.js.map": 1722244300827,
  "model/models-dbg.js": 1721208576209,
  "model/models.js.map": 1722244300830,
  "Component-preload.js": 1722244301039,
  "Component-preload.js.map": 1722244301039,
  "view/View1.view.xml": 1721988850727,
  "view/App.view.xml": 1721208576217,
  "css/style.css": 1721729552525,
  "index.html": 1721208576201
}