{
  "model/models.js.map": 1722244292381,
  "controller/Home1.controller.js": 1722235075995,
  "model/data.json": 1720527691680,
  "model/models.js": 1719573166572,
  "controller/Basecontroller.js": 1722183794201,
  "controller/App.controller.js": 1719573166576,
  "manifest.json": 1722244292241,
  "Component.js": 1719573166564,
  "controller/App-dbg.controller.js": 1719573166576,
  "controller/App.controller.js.map": 1722244292380,
  "model/models-dbg.js": 1719573166572,
  "i18n/i18n.properties": 1719573176884,
  "controller/Basecontroller-dbg.js": 1722183794201,
  "controller/Basecontroller.js.map": 1722244292386,
  "controller/Home1-dbg.controller.js": 1722235075995,
  "controller/Home1.controller.js.map": 1722244292435,
  "Component-dbg.js": 1719573166564,
  "Component.js.map": 1722244292383,
  "Component-preload.js": 1722244292655,
  "Component-preload.js.map": 1722244292656,
  "view/Home1.view.xml": 1722237152859,
  "view/App.view.xml": 1719573166576,
  "css/style.css": 1722237242423,
  "fragment/valuhelp.fragment.xml": 1720078209571,
  "fragment/print.fragment.xml": 1721042614678,
  "fragment/Notification.fragment.xml": 1721966032624,
  "index.html": 1722227005792
}